Unnamed: 0,File ID,English_name,Vocalization_type,Quality,Time,Date,X,Y,wav_file_path,orig_duration,duration,chroma_mean,spectral_centroid_mean,zero_crossing_rate_mean,rmse_mean,is_pipit
89,313073,Rose-crested Blue Pipit,call,B,10:29,4/14/2016,133,120,.\data\bird_calls_wav\Rose-Crested-Blue-Pipit-313073.wav,80.68498866,80.68498866,0.774218559,1114.067692,0.00262337,0.057511136,1
113,191418,Rose-crested Blue Pipit,song,B,9:00,7/2/2014,136,126,.\data\bird_calls_wav\Rose-Crested-Blue-Pipit-191418.wav,10.01002268,10.01002268,0.558180511,3737.262345,0.222370289,0.021286894,1
3,405548,Rose-crested Blue Pipit,song,A,11:00,3/10/2018,55,125,.\data\bird_calls_wav\Rose-Crested-Blue-Pipit-405548.wav,24.80566893,24.80566893,0.45304963,2272.585447,0.123204459,0.009413909,1
52,387405,Rose-crested Blue Pipit,call,B,10:00,9/18/2017,125,104,.\data\bird_calls_wav\Rose-Crested-Blue-Pipit-387405.wav,16.84897959,16.71836735,0.464269936,4626.469136,0.344686606,0.009232164,1
144,16969,Rose-crested Blue Pipit,song,B,Unknown,5/7/2007,149,150,.\data\bird_calls_wav\Rose-Crested-Blue-Pipit-16969.wav,11.59201814,11.59201814,0.43045646,2225.140415,0.12490625,0.048983172,1
41,110765,Rose-crested Blue Pipit,song,A,8:30,5/29/2012,146,111,.\data\bird_calls_wav\Rose-Crested-Blue-Pipit-110765.wav,8.73600907,8.73600907,0.446736634,2516.326041,0.167615167,0.023202064,1
80,344090,Rose-crested Blue Pipit,song,B,7:00,6/1/2015,147,119,.\data\bird_calls_wav\Rose-Crested-Blue-Pipit-344090.wav,10.92086168,10.92086168,0.475441486,3072.052276,0.186938114,0.049422223,1
51,12122,Rose-crested Blue Pipit,song,A,6:00,4/7/2007,166,153,.\data\bird_calls_wav\Rose-Crested-Blue-Pipit-12122.wav,32.21115646,32.21115646,0.454010576,4969.891729,0.420288438,0.014081802,1
115,191416,Rose-crested Blue Pipit,call,B,9:00,7/2/2014,127,116,.\data\bird_calls_wav\Rose-Crested-Blue-Pipit-191416.wav,19.83056689,19.83056689,0.556620359,3014.307399,0.185762176,0.017580764,1
32,152971,Rose-crested Blue Pipit,song,A,6:00,6/28/2008,78,82,.\data\bird_calls_wav\Rose-Crested-Blue-Pipit-152971.wav,28.44829932,26.58684807,0.4647246,3958.263555,0.275157988,0.015319115,1
6,401719,Rose-crested Blue Pipit,call,A,13:00,12/28/2016,106,107,.\data\bird_calls_wav\Rose-Crested-Blue-Pipit-401719.wav,14.90920635,14.72145125,0.670308769,5467.544475,0.468184055,0.002530653,1
95,304180,Rose-crested Blue Pipit,song,B,18:04,2/20/2016,71,138,.\data\bird_calls_wav\Rose-Crested-Blue-Pipit-304180.wav,30.54,30.51678005,0.566052258,2140.42062,0.133248797,0.003235964,1
85,324018,Rose-crested Blue Pipit,song,B,7:30,6/9/2016,150,120,.\data\bird_calls_wav\Rose-Crested-Blue-Pipit-324018.wav,24.29292517,24.29292517,0.463518023,3098.760901,0.230382939,0.031532828,1
26,163385,Rose-crested Blue Pipit,call,A,15:27,1/5/2014,152,154,.\data\bird_calls_wav\Rose-Crested-Blue-Pipit-163385.wav,22.86,22.86,0.516082466,5074.351365,0.440957626,0.016091522,1
133,111776,Rose-crested Blue Pipit,call,B,13.58,10/22/2012,109,121,.\data\bird_calls_wav\Rose-Crested-Blue-Pipit-111776.wav,30.27591837,30.27591837,0.574520171,2554.478279,0.156870462,0.003437741,1
46,70543,Rose-crested Blue Pipit,call,A,,2/28/2010,150,160,.\data\bird_calls_wav\Rose-Crested-Blue-Pipit-70543.wav,76.51265306,76.50975057,0.552656829,4479.348424,0.334989529,0.004313351,1
147,1201,Rose-crested Blue Pipit,song,B,Unknown,6/20/1991,136,160,.\data\bird_calls_wav\Rose-Crested-Blue-Pipit-1201.wav,7.3661678,7.3661678,0.537722051,3108.588294,0.156635404,0.024516296,1
50,14877,Rose-crested Blue Pipit,song,A,5:35,7/1/2007,127,167,.\data\bird_calls_wav\Rose-Crested-Blue-Pipit-14877.wav,39.70612245,39.70612245,0.33917895,5055.708082,0.437980291,0.066867642,1
172,111777,Rose-crested Blue Pipit,call,C,10.34,10/22/2012,127,117,.\data\bird_calls_wav\Rose-Crested-Blue-Pipit-111777.wav,22.24213152,22.24213152,0.510141432,1682.339513,0.076802869,0.008098512,1
176,56867,Rose-crested Blue Pipit,song,C,13.3,6/25/2010,135,120,.\data\bird_calls_wav\Rose-Crested-Blue-Pipit-56867.wav,9.038367347,9.038367347,0.707695305,2127.793441,0.049391526,0.098615184,1
110,200110,Rose-crested Blue Pipit,call,B,9:28,10/25/2014,41,123,.\data\bird_calls_wav\Rose-Crested-Blue-Pipit-200110.wav,10.03102041,9.93814059,0.596701384,5546.564089,0.503578453,0.00438881,1
38,118321,Rose-crested Blue Pipit,call,A,15:20,1/15/2013,152,154,.\data\bird_calls_wav\Rose-Crested-Blue-Pipit-118321.wav,36.76802721,36.76802721,0.627936721,3596.626931,0.247442997,0.011513365,1
119,171853,Rose-crested Blue Pipit,song,B,6:00,5/28/2010,148,151,.\data\bird_calls_wav\Rose-Crested-Blue-Pipit-171853.wav,34.71673469,34.71673469,0.395015389,4413.870892,0.373406558,0.007218539,1
79,344091,Rose-crested Blue Pipit,song,B,7:00,5/26/2007,139,148,.\data\bird_calls_wav\Rose-Crested-Blue-Pipit-344091.wav,15.80163265,15.7199093,0.495187074,3773.138783,0.327334964,0.027145814,1
59,349700,Rose-crested Blue Pipit,call,B,11:00,12/28/2016,170,110,.\data\bird_calls_wav\Rose-Crested-Blue-Pipit-349700.wav,8.022494331,7.987664399,0.483787864,4301.934389,0.333207371,0.005029097,1
159,237005,Rose-crested Blue Pipit,song,C,9:40,4/21/2015,127,117,.\data\bird_calls_wav\Rose-Crested-Blue-Pipit-237005.wav,76.03201814,76.03201814,0.564816356,2139.00812,0.085188007,0.001686546,1
111,191515,Rose-crested Blue Pipit,song,B,8:00,7/6/2014,125,110,.\data\bird_calls_wav\Rose-Crested-Blue-Pipit-191515.wav,28.05578231,28.05578231,0.561805427,4341.804833,0.335139449,0.036719419,1
117,182666,Rose-crested Blue Pipit,call,B,7:30,4/29/2014,128,119,.\data\bird_calls_wav\Rose-Crested-Blue-Pipit-182666.wav,10.68,10.68,0.700333118,1883.908105,0.037138035,0.034162093,1
181,174364,Rose-crested Blue Pipit,song,D,12:00,4/13/2014,130,139,.\data\bird_calls_wav\Rose-Crested-Blue-Pipit-174364.wav,156.2383673,156.2383673,0.662388623,3196.450383,0.207035604,0.011379411,1
42,106772,Rose-crested Blue Pipit,call,A,6:35,6/29/2012,149,151,.\data\bird_calls_wav\Rose-Crested-Blue-Pipit-106772.wav,144.3004082,144.2887982,0.570542276,2567.221185,0.132650185,0.00285608,1
43,105151,Rose-crested Blue Pipit,song,A,5:56,6/16/2012,127,118,.\data\bird_calls_wav\Rose-Crested-Blue-Pipit-105151.wav,106.9680272,106.9680272,0.716677189,1054.123608,0.018719391,0.05378668,1
74,345555,Rose-crested Blue Pipit,call,B,7:32,8/10/2015,26,133,.\data\bird_calls_wav\Rose-Crested-Blue-Pipit-345555.wav,13.03619048,13.03619048,0.624005198,2114.911974,0.063973532,0.003596416,1
98,291662,Rose-crested Blue Pipit,call,B,12:39,11/23/2015,152,119,.\data\bird_calls_wav\Rose-Crested-Blue-Pipit-291662.wav,16.63678005,16.63678005,0.566363335,3447.144465,0.231773557,0.004975663,1
177,18969,Rose-crested Blue Pipit,song,C,8:00,12/22/2007,99,127,.\data\bird_calls_wav\Rose-Crested-Blue-Pipit-18969.wav,14.04,14.04,0.634609342,640.0938423,0.00727418,0.058769781,1
141,43857,Rose-crested Blue Pipit,call,B,14:00,2/4/2010,134,152,.\data\bird_calls_wav\Rose-Crested-Blue-Pipit-43857.wav,10.1355102,10.1355102,0.511210918,3887.286648,0.258228154,0.014878545,1
63,345796,Rose-crested Blue Pipit,call,B,14:39,1/3/2016,152,122,.\data\bird_calls_wav\Rose-Crested-Blue-Pipit-345796.wav,66.58721088,66.58721088,0.672384143,2314.795973,0.050767289,0.009648013,1
131,125878,Rose-crested Blue Pipit,call,B,8:30,2/4/2013,146,155,.\data\bird_calls_wav\Rose-Crested-Blue-Pipit-125878.wav,12.02403628,12.02403628,0.650058448,1794.432597,0.056933782,0.074867621,1
94,305761,Rose-crested Blue Pipit,song,B,10:30,2/28/2016,121,116,.\data\bird_calls_wav\Rose-Crested-Blue-Pipit-305761.wav,3.631020408,3.631020408,0.504368961,3901.394211,0.283265326,0.00728781,1
27,162569,Rose-crested Blue Pipit,call,A,6:00,5/26/2013,75,142,.\data\bird_calls_wav\Rose-Crested-Blue-Pipit-162569.wav,18.12897959,18.12897959,0.486071944,3088.661394,0.180792854,0.004077707,1
174,91845,Rose-crested Blue Pipit,call,C,8:00,12/1/2011,132,150,.\data\bird_calls_wav\Rose-Crested-Blue-Pipit-91845.wav,1.436734694,1.436734694,0.41171965,2332.34201,0.128512475,0.017800737,1
148,406172,Rose-crested Blue Pipit,song,C,5:40,6/7/2017,147,113,.\data\bird_calls_wav\Rose-Crested-Blue-Pipit-406172.wav,10.56,10.56,0.50701642,2855.873427,0.166873068,0.000668505,1
2,405901,Rose-crested Blue Pipit,call,A,12:00,2/8/2018,58,76,.\data\bird_calls_wav\Rose-Crested-Blue-Pipit-405901.wav,3.888027211,3.888027211,0.607783973,2022.102165,0.095383417,0.028647449,1
78,345550,Rose-crested Blue Pipit,call,B,14:39,1/3/2016,62,67,.\data\bird_calls_wav\Rose-Crested-Blue-Pipit-345550.wav,17.32027211,17.32027211,0.608309329,2257.056518,0.059936196,0.006319234,1
100,291090,Rose-crested Blue Pipit,call,B,13:25,5/16/2015,137,109,.\data\bird_calls_wav\Rose-Crested-Blue-Pipit-291090.wav,45.32244898,45.29922902,0.674560368,4977.692637,0.419593518,0.001612637,1
33,139528,Rose-crested Blue Pipit,song,A,8:00,5/30/2009,134,144,.\data\bird_calls_wav\Rose-Crested-Blue-Pipit-139528.wav,42.39673469,42.39673469,0.52720511,3009.059124,0.225546094,0.00965831,1
86,320496,Rose-crested Blue Pipit,song,B,10:30,4/14/2016,119,121,.\data\bird_calls_wav\Rose-Crested-Blue-Pipit-320496.wav,27.76816327,27.76816327,0.591408134,4593.111799,0.359815106,0.002584948,1
24,164501,Rose-crested Blue Pipit,song,A,17:30,5/3/1993,131,120,.\data\bird_calls_wav\Rose-Crested-Blue-Pipit-164501.wav,24.55510204,24.19519274,0.497087896,3809.381976,0.324246839,0.017080443,1
61,345801,Rose-crested Blue Pipit,call,B,6:45,8/10/2015,124,117,.\data\bird_calls_wav\Rose-Crested-Blue-Pipit-345801.wav,42.89414966,42.89414966,0.567153931,1682.809163,0.037454448,0.016209166,1
169,150457,Rose-crested Blue Pipit,call,C,9:00,10/13/2013,161,141,.\data\bird_calls_wav\Rose-Crested-Blue-Pipit-150457.wav,25.08,25.08,0.620876372,1441.003842,0.04725352,0.024490798,1
162,222804,Rose-crested Blue Pipit,song,C,12:00,4/18/2003,144,178,.\data\bird_calls_wav\Rose-Crested-Blue-Pipit-222804.wav,24.76839002,24.76839002,0.456652671,3088.746453,0.170025755,0.020857368,1
164,206618,Rose-crested Blue Pipit,song,C,15:00,5/24/2014,133,109,.\data\bird_calls_wav\Rose-Crested-Blue-Pipit-206618.wav,18.07401361,18.07401361,0.537729383,1649.332555,0.087572835,0.162210032,1
18,277989,Rose-crested Blue Pipit,song,A,20:31,5/26/2015,159,117,.\data\bird_calls_wav\Rose-Crested-Blue-Pipit-277989.wav,129.3360091,128.9404082,0.246472836,4481.106425,0.372231197,0.011936772,1
170,134755,Rose-crested Blue Pipit,song,C,11:00,5/24/2013,145,154,.\data\bird_calls_wav\Rose-Crested-Blue-Pipit-134755.wav,8.20244898,8.20244898,0.610724509,4461.916052,0.347940391,0.005971664,1
160,222806,Rose-crested Blue Pipit,song,C,8:10,2/15/2007,147,157,.\data\bird_calls_wav\Rose-Crested-Blue-Pipit-222806.wav,11.81922902,11.81922902,0.644498706,3365.613555,0.165874885,0.013538652,1
168,160293,Rose-crested Blue Pipit,song,C,6:58,5/4/2013,147,154,.\data\bird_calls_wav\Rose-Crested-Blue-Pipit-160293.wav,78.74403628,78.74403628,0.506904066,1977.994706,0.066913245,0.080155112,1
156,278001,Rose-crested Blue Pipit,call,C,8:27,5/3/2015,143,115,.\data\bird_calls_wav\Rose-Crested-Blue-Pipit-278001.wav,18.59705215,18.59705215,0.595123947,2196.131039,0.091849909,0.008310114,1
101,278041,Rose-crested Blue Pipit,call,B,15:37,5/26/2015,66,81,.\data\bird_calls_wav\Rose-Crested-Blue-Pipit-278041.wav,54.19201814,53.89351474,0.290153474,5370.820311,0.461106569,0.004973613,1
39,118320,Rose-crested Blue Pipit,call,A,15:00,1/15/2013,127,113,.\data\bird_calls_wav\Rose-Crested-Blue-Pipit-118320.wav,20.83201814,20.83201814,0.639395237,3422.276253,0.23200863,0.016228149,1
68,345561,Rose-crested Blue Pipit,call,B,13:01,12/25/2015,110,120,.\data\bird_calls_wav\Rose-Crested-Blue-Pipit-345561.wav,12.04353741,12.04353741,0.737860918,2052.630315,0.047323767,0.009726547,1
54,383970,Rose-crested Blue Pipit,song,B,Unknown,5/13/2015,128,121,.\data\bird_calls_wav\Rose-Crested-Blue-Pipit-383970.wav,35.29142857,35.29142857,0.542884588,3589.550557,0.234703947,0.003834134,1
120,164634,Rose-crested Blue Pipit,call,B,9:00,1/12/2014,148,156,.\data\bird_calls_wav\Rose-Crested-Blue-Pipit-164634.wav,10.10938776,10.10938776,0.522166789,3354.475447,0.23425181,0.015062943,1
158,237009,Rose-crested Blue Pipit,"call,song",C,9:30,4/21/2015,106,138,.\data\bird_calls_wav\Rose-Crested-Blue-Pipit-237009.wav,276.8913379,276.8913379,0.526025355,1543.06178,0.049555122,0.003347719,1
48,35964,Rose-crested Blue Pipit,call,A,15:30,9/30/2008,142,164,.\data\bird_calls_wav\Rose-Crested-Blue-Pipit-35964.wav,22.28244898,22.28244898,0.449317008,3164.438119,0.199721781,0.015460803,1
69,345560,Rose-crested Blue Pipit,call,B,11:41,12/25/2015,154,127,.\data\bird_calls_wav\Rose-Crested-Blue-Pipit-345560.wav,43.25986395,43.25986395,0.707362592,2745.9835,0.079947934,0.006384011,1
142,41282,Rose-crested Blue Pipit,call,B,11:00,10/12/2009,145,151,.\data\bird_calls_wav\Rose-Crested-Blue-Pipit-41282.wav,17.18857143,17.16535147,0.5060426,2531.468484,0.181818122,0.020451333,1
67,345562,Rose-crested Blue Pipit,call,B,8:53,3/31/2015,157,124,.\data\bird_calls_wav\Rose-Crested-Blue-Pipit-345562.wav,107.9390476,107.9390476,0.495193481,805.5026208,0.019505413,0.028064024,1
173,91847,Rose-crested Blue Pipit,song,C,8:00,12/1/2011,80,125,.\data\bird_calls_wav\Rose-Crested-Blue-Pipit-91847.wav,3.631020408,3.631020408,0.446266562,2405.943813,0.119181056,0.01601262,1
149,395927,Rose-crested Blue Pipit,call,C,12:30,11/23/2017,137,111,.\data\bird_calls_wav\Rose-Crested-Blue-Pipit-395927.wav,1.944036281,1.944036281,0.534477651,1450.92241,0.060918899,0.024417926,1
96,293918,Rose-crested Blue Pipit,"call,song",B,6:45,6/5/2015,109,114,.\data\bird_calls_wav\Rose-Crested-Blue-Pipit-293918.wav,163.7760091,163.329161,0.276376754,4665.452724,0.375557966,0.007947955,1
97,293913,Rose-crested Blue Pipit,call,B,7:00,6/5/2015,45,64,.\data\bird_calls_wav\Rose-Crested-Blue-Pipit-293913.wav,67.70403628,67.19854875,0.324777007,5045.840187,0.428873867,0.009242813,1
65,345564,Rose-crested Blue Pipit,call,B,14:45,1/3/2016,149,117,.\data\bird_calls_wav\Rose-Crested-Blue-Pipit-345564.wav,38.42721088,38.42721088,0.655911326,2235.598826,0.048479395,0.010150363,1
143,34861,Rose-crested Blue Pipit,song,B,10:45,5/23/2009,143,112,.\data\bird_calls_wav\Rose-Crested-Blue-Pipit-34861.wav,3.239183673,3.239183673,0.336023033,4118.110254,0.294335938,0.009061472,1
182,28993,Rose-crested Blue Pipit,song,D,Unknown,5/6/2007,122,129,.\data\bird_calls_wav\Rose-Crested-Blue-Pipit-28993.wav,21.18530612,21.18530612,0.699623644,4259.507757,0.348347224,0.035402913,1
171,125402,Rose-crested Blue Pipit,song,C,9:00,3/17/2013,151,166,.\data\bird_calls_wav\Rose-Crested-Blue-Pipit-125402.wav,13.12802721,13.12802721,0.458791018,2872.175923,0.175650121,0.008608104,1
66,345563,Rose-crested Blue Pipit,call,B,14:18,1/3/2016,128,118,.\data\bird_calls_wav\Rose-Crested-Blue-Pipit-345563.wav,24.68680272,24.68680272,0.579545915,2283.660366,0.059767185,0.006635496,1
118,172485,Rose-crested Blue Pipit,song,B,20:50,5/8/2013,138,150,.\data\bird_calls_wav\Rose-Crested-Blue-Pipit-172485.wav,69.28802721,69.28802721,0.510504603,2898.868195,0.171948962,0.013392236,1
135,91351,Rose-crested Blue Pipit,song,B,17:30,4/23/2010,132,46,.\data\bird_calls_wav\Rose-Crested-Blue-Pipit-91351.wav,35.68326531,35.68326531,0.427037358,4639.382723,0.380502933,0.042703263,1
91,312965,Rose-crested Blue Pipit,call,B,7:11,4/19/2016,125,117,.\data\bird_calls_wav\Rose-Crested-Blue-Pipit-312965.wav,25.52163265,25.51873016,0.588562846,3413.200969,0.220914418,0.019065712,1
153,294798,Rose-crested Blue Pipit,call,C,8:00,12/12/2015,113,114,.\data\bird_calls_wav\Rose-Crested-Blue-Pipit-294798.wav,7.546938776,7.546938776,0.58087033,1664.960371,0.097431581,0.055665374,1
88,313778,Rose-crested Blue Pipit,song,B,11:45,4/24/2016,130,122,.\data\bird_calls_wav\Rose-Crested-Blue-Pipit-313778.wav,71.47102041,71.47102041,0.671316028,2246.858746,0.069972812,0.019614823,1
155,282616,Rose-crested Blue Pipit,song,C,6:52,4/7/2015,134,116,.\data\bird_calls_wav\Rose-Crested-Blue-Pipit-282616.wav,104.28,104.0253968,0.459971428,3227.777026,0.292051792,0.013317034,1
134,91352,Rose-crested Blue Pipit,song,B,17:30,4/23/2010,149,156,.\data\bird_calls_wav\Rose-Crested-Blue-Pipit-91352.wav,49.89387755,49.89387755,0.519319415,4845.769092,0.417006502,0.038096219,1
19,277952,Rose-crested Blue Pipit,song,A,15:34,5/26/2015,128,116,.\data\bird_calls_wav\Rose-Crested-Blue-Pipit-277952.wav,95.04,94.36589569,0.301555187,4943.516898,0.426161665,0.010925989,1
157,277998,Rose-crested Blue Pipit,song,C,8:20,5/3/2015,128,117,.\data\bird_calls_wav\Rose-Crested-Blue-Pipit-277998.wav,41.77451247,41.77451247,0.578800976,2120.640044,0.066685384,0.005788215,1
75,345554,Rose-crested Blue Pipit,song,B,8:59,8/9/2015,47,58,.\data\bird_calls_wav\Rose-Crested-Blue-Pipit-345554.wav,19.20108844,19.20108844,0.665920496,847.1453886,0.014951916,0.01857866,1
127,158163,Rose-crested Blue Pipit,call,B,10:30,12/18/2013,164,173,.\data\bird_calls_wav\Rose-Crested-Blue-Pipit-158163.wav,7.344036281,7.344036281,0.476416051,3226.690926,0.197453544,0.023492198,1
179,345551,Rose-crested Blue Pipit,song,D,9:34,2/10/2016,124,111,.\data\bird_calls_wav\Rose-Crested-Blue-Pipit-345551.wav,43.0770068,43.0770068,0.615694344,758.2578804,0.017664153,0.02112538,1
8,377874,Rose-crested Blue Pipit,song,A,7:43,6/11/2000,134,118,.\data\bird_calls_wav\Rose-Crested-Blue-Pipit-377874.wav,43.38938776,43.38938776,0.402668059,3676.178853,0.269279925,0.009584783,1
184,306340,Rose-crested Blue Pipit,song,E,13:00,3/8/2016,104,124,.\data\bird_calls_wav\Rose-Crested-Blue-Pipit-306340.wav,5.251428571,5.251428571,0.729296923,5728.711538,0.494224515,0.004378594,1
47,41283,Rose-crested Blue Pipit,call,A,11:00,10/12/2009,137,99,.\data\bird_calls_wav\Rose-Crested-Blue-Pipit-41283.wav,13.55755102,13.55755102,0.448591948,2678.632329,0.187341977,0.020842999,1
84,339832,Rose-crested Blue Pipit,call,B,12:30,10/23/2016,149,111,.\data\bird_calls_wav\Rose-Crested-Blue-Pipit-339832.wav,3.443446712,3.443446712,0.760222077,687.0077646,0.011902265,0.042192724,1
81,342729,Rose-crested Blue Pipit,call,B,10:35,11/13/2016,116,132,.\data\bird_calls_wav\Rose-Crested-Blue-Pipit-342729.wav,20.09351474,20.09351474,0.52292335,3959.55355,0.321214636,0.002320456,1
40,111775,Rose-crested Blue Pipit,call,A,13.5,10/22/2012,129,112,.\data\bird_calls_wav\Rose-Crested-Blue-Pipit-111775.wav,13.19183673,13.19183673,0.620688736,2461.129982,0.153788857,0.00338689,1
45,70544,Rose-crested Blue Pipit,call,A,,2/28/2010,149,154,.\data\bird_calls_wav\Rose-Crested-Blue-Pipit-70544.wav,22.25632653,22.23310658,0.685075641,4850.829244,0.397827913,0.004013879,1
25,164204,Rose-crested Blue Pipit,song,A,6:00,4/30/2012,151,154,.\data\bird_calls_wav\Rose-Crested-Blue-Pipit-164204.wav,34.32480726,34.32480726,0.575984895,3898.531733,0.262012577,0.012133167,1
13,351273,Rose-crested Blue Pipit,call,A,13:00,1/17/2017,146,114,.\data\bird_calls_wav\Rose-Crested-Blue-Pipit-351273.wav,14.04,13.56045351,0.372794122,5049.444466,0.448803085,0.024886299,1
11,364567,Rose-crested Blue Pipit,song,A,7:00,4/14/2017,124,121,.\data\bird_calls_wav\Rose-Crested-Blue-Pipit-364567.wav,24.10666667,24.10666667,0.553032577,2967.802041,0.137464096,0.006583244,1
30,162564,Rose-crested Blue Pipit,song,A,21:53,5/25/2013,35,145,.\data\bird_calls_wav\Rose-Crested-Blue-Pipit-162564.wav,59.87265306,59.87265306,0.266585767,4450.532472,0.327768303,0.035480168,1
34,138985,Rose-crested Blue Pipit,song,A,Unknown,6/18/2004,38,139,.\data\bird_calls_wav\Rose-Crested-Blue-Pipit-138985.wav,28.18612245,26.88580499,0.345487475,3689.548757,0.282340832,0.032893084,1
71,345558,Rose-crested Blue Pipit,call,B,11:40,12/25/2015,150,110,.\data\bird_calls_wav\Rose-Crested-Blue-Pipit-345558.wav,21.34312925,21.34312925,0.607007682,2364.023012,0.071976902,0.003347932,1
116,191415,Rose-crested Blue Pipit,call,B,9:00,7/2/2014,148,159,.\data\bird_calls_wav\Rose-Crested-Blue-Pipit-191415.wav,31.84793651,31.84793651,0.458217233,3924.880657,0.29616144,0.01792112,1
16,293916,Rose-crested Blue Pipit,call,A,9:01,6/5/2015,147,117,.\data\bird_calls_wav\Rose-Crested-Blue-Pipit-293916.wav,18.24,17.7168254,0.339431345,5156.939496,0.44665783,0.010775093,1
5,401720,Rose-crested Blue Pipit,call,A,13:00,12/28/2016,132,121,.\data\bird_calls_wav\Rose-Crested-Blue-Pipit-401720.wav,74.25011338,73.25895692,0.573257208,4592.883117,0.366562915,0.003403145,1
175,63086,Rose-crested Blue Pipit,call,C,8:46,10/9/2010,138,161,.\data\bird_calls_wav\Rose-Crested-Blue-Pipit-63086.wav,7.836734694,7.836734694,0.497574657,1897.913923,0.11349072,0.021818766,1
31,162563,Rose-crested Blue Pipit,song,A,21:05,5/25/2013,116,108,.\data\bird_calls_wav\Rose-Crested-Blue-Pipit-162563.wav,43.96408163,43.95537415,0.398389369,3634.147121,0.20200845,0.010000213,1
82,342417,Rose-crested Blue Pipit,call,B,10:00,11/11/2016,136,130,.\data\bird_calls_wav\Rose-Crested-Blue-Pipit-342417.wav,3.744036281,3.744036281,0.61475879,1571.378981,0.127061632,0.02187629,1
14,299736,Rose-crested Blue Pipit,call,A,8:29,5/31/2015,131,133,.\data\bird_calls_wav\Rose-Crested-Blue-Pipit-299736.wav,13.27201814,12.88707483,0.590812683,4366.692635,0.330129061,0.017609052,1
154,288915,Rose-crested Blue Pipit,song,C,9:30,3/19/2015,120,111,.\data\bird_calls_wav\Rose-Crested-Blue-Pipit-288915.wav,6.440226757,6.440226757,0.639601767,4082.711251,0.306742497,0.07715553,1
58,354538,Rose-crested Blue Pipit,call,B,8:10,2/5/2017,144,110,.\data\bird_calls_wav\Rose-Crested-Blue-Pipit-354538.wav,6.127482993,6.127482993,0.509984851,5390.430934,0.472229004,0.004953372,1
112,191476,Rose-crested Blue Pipit,song,B,8:30,7/3/2014,135,106,.\data\bird_calls_wav\Rose-Crested-Blue-Pipit-191476.wav,50.65596372,50.65596372,0.53625524,2659.953424,0.137898726,0.028069809,1
56,378584,Rose-crested Blue Pipit,song,B,15:00,7/1/2017,75,103,.\data\bird_calls_wav\Rose-Crested-Blue-Pipit-378584.wav,12.68394558,12.68394558,0.508843243,6281.311183,0.543393653,0.004587161,1
36,120731,Rose-crested Blue Pipit,call,A,6:00,7/21/2005,127,117,.\data\bird_calls_wav\Rose-Crested-Blue-Pipit-120731.wav,100.7040363,100.7040363,0.561615169,4410.313386,0.351563288,0.006927153,1
132,113144,Rose-crested Blue Pipit,call,B,14:00,10/6/2012,113,110,.\data\bird_calls_wav\Rose-Crested-Blue-Pipit-113144.wav,7.488027211,7.453605442,0.61224848,1960.906654,0.160667277,0.009597119,1
0,402254,Rose-crested Blue Pipit,call,no score,13:30,2/8/2018,49,63,.\data\bird_calls_wav\Rose-Crested-Blue-Pipit-402254.wav,3.36,3.36,0.667863488,3569.648353,0.264584456,0.035428975,1
62,345797,Rose-crested Blue Pipit,call,B,6:43,8/10/2015,158,107,.\data\bird_calls_wav\Rose-Crested-Blue-Pipit-345797.wav,47.17823129,47.17823129,0.665779114,1479.360256,0.025326466,0.015217032,1
92,306344,Rose-crested Blue Pipit,song,B,19:00,3/6/2016,159,129,.\data\bird_calls_wav\Rose-Crested-Blue-Pipit-306344.wav,20.03591837,20.03591837,0.588855028,4426.242001,0.349077528,0.009041495,1
20,233383,Rose-crested Blue Pipit,call,A,11:19,3/15/2015,142,114,.\data\bird_calls_wav\Rose-Crested-Blue-Pipit-233383.wav,49.15478458,49.08698413,0.202177525,4614.415503,0.43254585,0.0105753,1
152,295352,Rose-crested Blue Pipit,call,C,9:30,12/11/2015,129,117,.\data\bird_calls_wav\Rose-Crested-Blue-Pipit-295352.wav,13.70403628,13.70403628,0.492208332,4599.624207,0.334012466,0.001283592,1
73,345556,Rose-crested Blue Pipit,call,B,7:44,8/10/2015,152,121,.\data\bird_calls_wav\Rose-Crested-Blue-Pipit-345556.wav,9.87537415,9.87537415,0.635324538,1989.717209,0.056582169,0.016180128,1
90,312968,Rose-crested Blue Pipit,call,B,7:12,4/19/2016,71,93,.\data\bird_calls_wav\Rose-Crested-Blue-Pipit-312968.wav,8.907755102,8.907755102,0.563217521,3106.771665,0.222569784,0.024647234,1
150,378131,Rose-crested Blue Pipit,call,C,23:30,6/22/2017,131,119,.\data\bird_calls_wav\Rose-Crested-Blue-Pipit-378131.wav,10.76244898,10.76244898,0.690365076,1270.992117,0.046584557,0.066099994,1
87,314104,Rose-crested Blue Pipit,song,B,12:30,4/28/2016,128,116,.\data\bird_calls_wav\Rose-Crested-Blue-Pipit-314104.wav,10.12689342,10.12689342,0.368165255,5174.600758,0.415812268,0.001093113,1
180,325274,Rose-crested Blue Pipit,song,D,20:30,6/23/2016,140,114,.\data\bird_calls_wav\Rose-Crested-Blue-Pipit-325274.wav,7.053061224,7.053061224,0.671794415,2164.527975,0.066025583,0.008230227,1
151,363136,Rose-crested Blue Pipit,call,C,9:00,4/4/2017,139,114,.\data\bird_calls_wav\Rose-Crested-Blue-Pipit-363136.wav,30.67201814,30.67201814,0.604441047,2725.995563,0.100388925,0.004397971,1
103,261402,Rose-crested Blue Pipit,call,B,11:30,7/18/2015,147,121,.\data\bird_calls_wav\Rose-Crested-Blue-Pipit-261402.wav,11.79573696,11.79573696,0.619498849,2160.406854,0.098791096,0.016398862,1
55,383446,Rose-crested Blue Pipit,call,B,9:30,8/18/2017,130,108,.\data\bird_calls_wav\Rose-Crested-Blue-Pipit-383446.wav,8.223628118,8.223628118,0.497420013,3004.861925,0.162240042,0.012192354,1
4,401782,Rose-crested Blue Pipit,song,A,6:00,6/29/2008,129,123,.\data\bird_calls_wav\Rose-Crested-Blue-Pipit-401782.wav,21.62471655,21.62471655,0.346337765,4224.1465,0.345444839,0.04100804,1
178,371525,Rose-crested Blue Pipit,"call,song",D,14:59,4/23/2017,109,134,.\data\bird_calls_wav\Rose-Crested-Blue-Pipit-371525.wav,32.64099773,32.64099773,0.689069927,4247.559395,0.317312314,0.001259953,1
139,53791,Rose-crested Blue Pipit,call,B,17:42,4/25/2010,140,115,.\data\bird_calls_wav\Rose-Crested-Blue-Pipit-53791.wav,31.08571429,31.08571429,0.599998713,3179.192232,0.165499265,0.02895367,1
137,68258,Rose-crested Blue Pipit,call,B,Unknown,6/7/2005,128,120,.\data\bird_calls_wav\Rose-Crested-Blue-Pipit-68258.wav,22.32072562,22.32072562,0.673543394,4664.082797,0.387825758,0.00996998,1
166,169033,Rose-crested Blue Pipit,call,C,10:00,9/9/2011,125,122,.\data\bird_calls_wav\Rose-Crested-Blue-Pipit-169033.wav,9.195102041,9.195102041,0.648465872,1603.095983,0.054239806,0.019065809,1
76,345553,Rose-crested Blue Pipit,song,B,9:38,4/20/2015,133,116,.\data\bird_calls_wav\Rose-Crested-Blue-Pipit-345553.wav,44.22639456,44.22639456,0.554899752,2527.026528,0.098968073,0.003441112,1
17,293914,Rose-crested Blue Pipit,song,A,7:19,6/5/2015,142,114,.\data\bird_calls_wav\Rose-Crested-Blue-Pipit-293914.wav,158.1360091,157.7795918,0.278773516,4623.309841,0.36165094,0.011177857,1
167,161630,Rose-crested Blue Pipit,song,C,10:00,12/28/2013,130,120,.\data\bird_calls_wav\Rose-Crested-Blue-Pipit-161630.wav,1.750204082,1.680544218,0.313920677,3937.76994,0.303871468,0.01654282,1
105,255560,Rose-crested Blue Pipit,call,B,7:50,3/10/2015,115,129,.\data\bird_calls_wav\Rose-Crested-Blue-Pipit-255560.wav,39.55201814,39.55201814,0.503612578,3243.574939,0.211020026,0.007405306,1
125,162568,Rose-crested Blue Pipit,call,B,8:10,5/26/2013,135,158,.\data\bird_calls_wav\Rose-Crested-Blue-Pipit-162568.wav,5.720816327,5.720816327,0.387038708,2756.104703,0.183492931,0.011162202,1
83,339833,Rose-crested Blue Pipit,call,B,12:30,10/23/2016,149,118,.\data\bird_calls_wav\Rose-Crested-Blue-Pipit-339833.wav,2.674965986,2.674965986,0.793982506,667.1607442,0.006566541,0.054086294,1
9,368493,Rose-crested Blue Pipit,call,A,12:47,3/13/2017,89,131,.\data\bird_calls_wav\Rose-Crested-Blue-Pipit-368493.wav,15.15605442,15.15605442,0.618147969,4750.117775,0.400985835,0.001803001,1
70,345559,Rose-crested Blue Pipit,call,B,11:40,12/25/2015,85,134,.\data\bird_calls_wav\Rose-Crested-Blue-Pipit-345559.wav,15.93578231,15.93578231,0.592705309,2103.250227,0.052205581,0.010432601,1
64,345795,Rose-crested Blue Pipit,call,B,7:52,10/24/2015,143,106,.\data\bird_calls_wav\Rose-Crested-Blue-Pipit-345795.wav,17.45088435,17.45088435,0.678203762,1412.523355,0.029756587,0.017390708,1
124,164203,Rose-crested Blue Pipit,call,B,6:00,4/30/2012,140,112,.\data\bird_calls_wav\Rose-Crested-Blue-Pipit-164203.wav,8.260090703,8.260090703,0.580804169,4546.724626,0.377016218,0.021698793,1
35,134557,Rose-crested Blue Pipit,song,A,11:30,5/8/2000,39,61,.\data\bird_calls_wav\Rose-Crested-Blue-Pipit-134557.wav,74.39673469,74.39673469,0.467270672,2972.083317,0.16816909,0.01239539,1
44,89862,Rose-crested Blue Pipit,song,A,6:15,4/28/1996,147,154,.\data\bird_calls_wav\Rose-Crested-Blue-Pipit-89862.wav,111.6647619,111.6647619,0.343695849,3691.398806,0.247449974,0.069839396,1
123,164230,Rose-crested Blue Pipit,call,B,8:00,1/11/2014,147,155,.\data\bird_calls_wav\Rose-Crested-Blue-Pipit-164230.wav,65.69346939,65.69346939,0.657145858,849.4899363,0.02620621,0.019110724,1
77,345552,Rose-crested Blue Pipit,song,B,9:34,4/20/2015,135,118,.\data\bird_calls_wav\Rose-Crested-Blue-Pipit-345552.wav,79.0737415,79.0737415,0.655809045,2017.220444,0.060366242,0.012168067,1
53,387403,Rose-crested Blue Pipit,call,B,10:00,9/18/2017,130,107,.\data\bird_calls_wav\Rose-Crested-Blue-Pipit-387403.wav,7.366530612,7.24462585,0.414285123,4505.646815,0.305033821,0.009020669,1
183,18970,Rose-crested Blue Pipit,song,D,8:00,12/22/2007,104,123,.\data\bird_calls_wav\Rose-Crested-Blue-Pipit-18970.wav,10.44,10.44,0.607218266,578.5462253,0.008552517,0.05693857,1
165,182663,Rose-crested Blue Pipit,call,C,7:30,4/29/2014,131,125,.\data\bird_calls_wav\Rose-Crested-Blue-Pipit-182663.wav,58.75301587,58.75301587,0.716508448,5553.726817,0.470397346,0.002160647,1
163,222803,Rose-crested Blue Pipit,song,C,6:00,4/5/1998,125,116,.\data\bird_calls_wav\Rose-Crested-Blue-Pipit-222803.wav,23.04,22.70911565,0.45666033,4959.263563,0.412955762,0.035872109,1
57,362922,Rose-crested Blue Pipit,call,B,6:12,4/25/2015,158,105,.\data\bird_calls_wav\Rose-Crested-Blue-Pipit-362922.wav,5.472018141,5.472018141,0.525333047,3487.983149,0.235992949,0.022803945,1
21,225347,Rose-crested Blue Pipit,call,A,7:23,3/15/2015,163,117,.\data\bird_calls_wav\Rose-Crested-Blue-Pipit-225347.wav,186.2453968,185.4577778,0.36943537,4320.826709,0.343929957,0.020843176,1
161,222805,Rose-crested Blue Pipit,song,C,10:00,6/11/2000,148,154,.\data\bird_calls_wav\Rose-Crested-Blue-Pipit-222805.wav,17.55537415,17.55537415,0.511185944,2780.849958,0.195411188,0.025098238,1
104,256362,Rose-crested Blue Pipit,call,B,9:30,2/11/2015,137,138,.\data\bird_calls_wav\Rose-Crested-Blue-Pipit-256362.wav,12.61714286,12.61714286,0.545693219,2510.718511,0.113300099,0.014378441,1
129,134979,Rose-crested Blue Pipit,song,B,7:00,5/6/2013,118,111,.\data\bird_calls_wav\Rose-Crested-Blue-Pipit-134979.wav,24,24,0.576386631,3052.904831,0.176742701,0.007409258,1
60,345802,Rose-crested Blue Pipit,song,B,8:04,4/8/2015,149,114,.\data\bird_calls_wav\Rose-Crested-Blue-Pipit-345802.wav,58.75047619,58.75047619,0.4514018,2459.274123,0.086568542,0.005150007,1
145,11506,Rose-crested Blue Pipit,song,B,Unknown,2/27/2007,155,154,.\data\bird_calls_wav\Rose-Crested-Blue-Pipit-11506.wav,53,53,0.618377507,2004.710739,0.078065114,0.032569334,1
72,345557,Rose-crested Blue Pipit,call,B,11:39,12/25/2015,153,113,.\data\bird_calls_wav\Rose-Crested-Blue-Pipit-345557.wav,17.89496599,17.89496599,0.661228061,2243.566018,0.052862937,0.013603421,1
121,164631,Rose-crested Blue Pipit,call,B,9:00,1/12/2014,142,150,.\data\bird_calls_wav\Rose-Crested-Blue-Pipit-164631.wav,8.724897959,8.724897959,0.564978659,2440.828876,0.185916982,0.039352074,1
102,277999,Rose-crested Blue Pipit,song,B,8:25,5/3/2015,123,129,.\data\bird_calls_wav\Rose-Crested-Blue-Pipit-277999.wav,8.309160998,8.309160998,0.527752995,2335.569686,0.108150205,0.013259534,1
136,80749,Rose-crested Blue Pipit,song,B,9:58,5/14/2011,146,156,.\data\bird_calls_wav\Rose-Crested-Blue-Pipit-80749.wav,21.91043084,21.91043084,0.560071468,5151.54707,0.42149741,0.01723351,1
140,53789,Rose-crested Blue Pipit,song,B,17:30,4/20/2010,125,118,.\data\bird_calls_wav\Rose-Crested-Blue-Pipit-53789.wav,32.49632653,32.49632653,0.595748365,1710.562097,0.05380406,0.042409379,1
126,162565,Rose-crested Blue Pipit,call,B,21:16,5/25/2013,135,119,.\data\bird_calls_wav\Rose-Crested-Blue-Pipit-162565.wav,2.638367347,2.638367347,0.390390754,3629.379732,0.276808354,0.026232939,1
93,306343,Rose-crested Blue Pipit,call,B,19:00,3/6/2016,111,115,.\data\bird_calls_wav\Rose-Crested-Blue-Pipit-306343.wav,8.646530612,8.646530612,0.500682414,3491.65866,0.215719514,0.00280208,1
108,232913,Rose-crested Blue Pipit,call,B,Unknown,1/30/2010,126,109,.\data\bird_calls_wav\Rose-Crested-Blue-Pipit-232913.wav,9.560816327,9.560816327,0.582959831,4905.652811,0.415052099,0.004483504,1
128,149220,Rose-crested Blue Pipit,song,B,6:57,6/9/2013,146,158,.\data\bird_calls_wav\Rose-Crested-Blue-Pipit-149220.wav,215.5320635,145.5426757,0.446596622,2195.567003,0.133404217,0.018331718,1
28,162567,Rose-crested Blue Pipit,call,A,17:50,5/25/2013,34,134,.\data\bird_calls_wav\Rose-Crested-Blue-Pipit-162567.wav,7.967346939,7.964444444,0.304342389,2977.558654,0.14679239,0.019991763,1
138,59000,Rose-crested Blue Pipit,song,B,14:30,6/14/2010,146,154,.\data\bird_calls_wav\Rose-Crested-Blue-Pipit-59000.wav,76.87201814,76.87201814,0.546279013,1064.130594,0.037986836,0.046568774,1
22,181907,Rose-crested Blue Pipit,call,A,17:00,3/13/2014,123,110,.\data\bird_calls_wav\Rose-Crested-Blue-Pipit-181907.wav,8.352018141,8.2430839,0.516937375,4202.442725,0.341381287,0.018598791,1
1,406171,Rose-crested Blue Pipit,call,A,7:48,6/7/2017,125,133,.\data\bird_calls_wav\Rose-Crested-Blue-Pipit-406171.wav,66.52802721,66.01433107,0.538712561,2601.278297,0.152464447,0.003682565,1
107,233384,Rose-crested Blue Pipit,song,B,11:29,3/15/2015,120,118,.\data\bird_calls_wav\Rose-Crested-Blue-Pipit-233384.wav,59.1138322,59.02095238,0.28679955,4320.957307,0.35899736,0.016324861,1
49,30397,Rose-crested Blue Pipit,song,A,8:00,2/22/2009,125,121,.\data\bird_calls_wav\Rose-Crested-Blue-Pipit-30397.wav,33.09714286,33.09714286,0.595526814,3829.906126,0.283815702,0.024790129,1
23,176636,Rose-crested Blue Pipit,song,A,7:40,6/6/2013,121,132,.\data\bird_calls_wav\Rose-Crested-Blue-Pipit-176636.wav,69.0277551,69.0277551,0.610846281,2285.015873,0.095975433,0.017137218,1
10,368492,Rose-crested Blue Pipit,call,A,12:45,3/13/2017,141,124,.\data\bird_calls_wav\Rose-Crested-Blue-Pipit-368492.wav,61.10231293,60.48798186,0.748718381,4903.978427,0.42390251,0.003102781,1
99,291091,Rose-crested Blue Pipit,call,B,13:50,5/16/2015,134,123,.\data\bird_calls_wav\Rose-Crested-Blue-Pipit-291091.wav,5.537959184,5.537959184,0.649285495,5184.793522,0.43946334,0.00262908,1
15,298739,Rose-crested Blue Pipit,call,A,15:00,1/9/2016,124,116,.\data\bird_calls_wav\Rose-Crested-Blue-Pipit-298739.wav,43.2,43.2,0.520798504,4618.859322,0.368637913,0.008013474,1
29,162566,Rose-crested Blue Pipit,call,A,21:18,5/25/2013,142,121,.\data\bird_calls_wav\Rose-Crested-Blue-Pipit-162566.wav,5.067755102,5.067755102,0.44980666,3283.452981,0.195787404,0.009339401,1
146,11505,Rose-crested Blue Pipit,call,B,Unknown,2/2/2007,153,158,.\data\bird_calls_wav\Rose-Crested-Blue-Pipit-11505.wav,12.19528345,12.19528345,0.605863035,1321.322445,0.069405559,0.203214809,1
109,216670,Rose-crested Blue Pipit,"call,song",B,8:00,4/19/2009,136,166,.\data\bird_calls_wav\Rose-Crested-Blue-Pipit-216670.wav,135.8628571,135.8628571,0.631445229,4706.84379,0.379206545,0.008902891,1
37,118322,Rose-crested Blue Pipit,call,A,15:00,1/15/2013,140,149,.\data\bird_calls_wav\Rose-Crested-Blue-Pipit-118322.wav,154.4640363,154.4640363,0.714427173,4306.139688,0.330208544,0.007566708,1
106,233386,Rose-crested Blue Pipit,song,B,11:35,3/15/2015,130,114,.\data\bird_calls_wav\Rose-Crested-Blue-Pipit-233386.wav,146.1221769,145.914195,0.263240993,4613.042369,0.383203902,0.005615089,1
130,125879,Rose-crested Blue Pipit,call,B,8:30,2/4/2013,62,153,.\data\bird_calls_wav\Rose-Crested-Blue-Pipit-125879.wav,1.344036281,1.344036281,0.601553559,1343.521911,0.051690463,0.014556373,1
114,191417,Rose-crested Blue Pipit,call,B,9:00,7/2/2014,148,147,.\data\bird_calls_wav\Rose-Crested-Blue-Pipit-191417.wav,7.38984127,7.38984127,0.490126014,3054.593121,0.192121069,0.020802952,1
12,353709,Rose-crested Blue Pipit,call,A,Unknown,10/8/2016,127,119,.\data\bird_calls_wav\Rose-Crested-Blue-Pipit-353709.wav,11.04,11.04,0.533129036,3630.089132,0.298974815,0.017196387,1
122,164499,Rose-crested Blue Pipit,song,B,Unknown,5/3/1993,152,153,.\data\bird_calls_wav\Rose-Crested-Blue-Pipit-164499.wav,14.88979592,14.88979592,0.357868761,4594.346892,0.380147488,0.007280855,1
7,387404,Rose-crested Blue Pipit,call,A,10:00,9/18/2017,149,115,.\data\bird_calls_wav\Rose-Crested-Blue-Pipit-387404.wav,19.27836735,19.15646259,0.496667147,4617.426576,0.341640223,0.008071115,1
